{"all_true": {"": 80.3832843181818}, "all_false": {"": 80.3832843181818}, "perceptron": {"8kb_8": 7.33229681818182, "8kb_16": 6.53567909090909, "8kb_32": 6.22554795454546, "8kb_64": 6.41940659090909, "8kb_128": 7.08350318181818, "32kb_8": 7.12295340909091, "32kb_16": 6.22620613636364, "32kb_32": 5.73468318181818, "32kb_64": 5.63101545454545, "32kb_128": 5.85044590909091}, "2layer": {"8kb_30_1": 26.8475256818182, "8kb_30_2": 29.7577111363636, "8kb_30_4": 42.7248540909091, "32kb_30_1": 27.432385, "32kb_30_2": 29.8866804545455, "32kb_30_4": 43.3334263636363, "32kb_30_8": 43.0702134090909, "32kb_62_1": 40.7235056818182, "32kb_62_2": 42.4734356818182, "32kb_62_4": 42.9449311363636, "32kb_62_8": 43.5179395454545}, "rnn": {}, "michaud": {"": 2.2838525}}