{"all_true": {"": 3464.921493291855}, "all_false": {"": 3460.083688735962}, "perceptron": {"8kb_8": 3655.9165279865265, "8kb_16": 3749.1530106067657, "8kb_32": 3952.230075597763, "8kb_64": 4343.050033569336, "8kb_128": 5208.011304855347, "32kb_8": 3644.490670442581, "32kb_16": 3742.0472383499146, "32kb_32": 3950.5385661125183, "32kb_64": 4327.083411693573, "32kb_128": 5133.044925928116}, "2layer": {"8kb_30_1": 4124.95047545433, "8kb_30_2": 5073.632417678833, "8kb_30_4": 6850.8993582725525, "32kb_30_1": 4221.680996656418, "32kb_30_2": 4850.624083518982, "32kb_30_4": 6511.581967353821, "32kb_30_8": 9096.276013612747, "32kb_62_1": 5001.3593719005585, "32kb_62_2": 6462.288266420364, "32kb_62_4": 9554.736335039139, "32kb_62_8": 14931.987696170807}, "rnn": {}, "michaud": {"": 132097.037027359}}