{"all_true": {"": 2.8515}, "all_false": {"": 2.8515}, "perceptron": {"8kb_8": 1.27486666666667, "8kb_16": 1.21426666666667, "8kb_32": 1.12946666666667, "8kb_64": 0.0666333333333333, "8kb_128": 0.042, "32kb_8": 1.27476666666667, "32kb_16": 1.22086666666667, "32kb_32": 1.1326, "32kb_64": 0.0662666666666667, "32kb_128": 0.0413333333333333}, "2layer": {"8kb_30_1": 2.3076, "8kb_30_2": 2.53883333333333, "8kb_30_4": 5.53473333333333, "32kb_30_1": 2.15323333333333, "32kb_30_2": 2.466, "32kb_30_4": 5.59963333333333, "32kb_30_8": 5.05736666666667, "32kb_62_1": 4.5025, "32kb_62_2": 5.16566666666667, "32kb_62_4": 5.23273333333333, "32kb_62_8": 5.84883333333333}, "rnn": {}, "michaud": {"": 0.000766666666666667}}