{"all_true": {"": 89.77485203742981}, "all_false": {"": 90.32550597190857}, "perceptron": {"8kb_8": 96.25503253936768, "8kb_16": 106.71711492538452, "8kb_32": 105.9163031578064, "8kb_64": 117.40253353118896, "8kb_128": 141.49261045455933, "32kb_8": 95.82273936271667, "32kb_16": 102.06619501113892, "32kb_32": 105.6188497543335, "32kb_64": 119.35129594802856, "32kb_128": 144.58482217788696}, "2layer": {"8kb_30_1": 110.75062680244446, "8kb_30_2": 130.48156356811523, "8kb_30_4": 169.04521489143372, "32kb_30_1": 109.46035838127136, "32kb_30_2": 128.9060513973236, "32kb_30_4": 171.09299421310425, "32kb_30_8": 241.1426386833191, "32kb_62_1": 131.37135076522827, "32kb_62_2": 169.2397701740265, "32kb_62_4": 246.95335006713867, "32kb_62_8": 401.25391149520874}, "rnn": {}, "michaud": {"": 2728.0269033908844}}