{"all_true": {"": 26.2635692307692}, "all_false": {"": 26.2635692307692}, "perceptron": {"8kb_8": 5.80693846153846, "8kb_16": 5.34135384615385, "8kb_32": 4.71745384615385, "8kb_64": 3.65269230769231, "8kb_128": 3.65758461538462, "32kb_8": 5.80373846153846, "32kb_16": 5.33746153846154, "32kb_32": 4.71756153846154, "32kb_64": 3.59046153846154, "32kb_128": 3.49034615384615}, "2layer": {"8kb_30_1": 13.6826153846154, "8kb_30_2": 15.1244461538462, "8kb_30_4": 19.8298384615385, "32kb_30_1": 14.4624769230769, "32kb_30_2": 14.3573, "32kb_30_4": 18.7995230769231, "32kb_30_8": 19.3610076923077, "32kb_62_1": 18.1117, "32kb_62_2": 18.3366769230769, "32kb_62_4": 19.2451153846154, "32kb_62_8": 20.0139461538462}, "rnn": {}, "michaud": {"": 0.586861538461538}}