{"all_true": {"": 192.2905135154724}, "all_false": {"": 183.44296193122864}, "perceptron": {"8kb_8": 192.32318019866943, "8kb_16": 196.10573506355286, "8kb_32": 207.9880826473236, "8kb_64": 228.69539618492126, "8kb_128": 272.7377362251282, "32kb_8": 191.5693633556366, "32kb_16": 198.3137001991272, "32kb_32": 209.174054145813, "32kb_64": 229.0675072669983, "32kb_128": 272.7708079814911}, "2layer": {"8kb_30_1": 216.2523753643036, "8kb_30_2": 248.85366296768188, "8kb_30_4": 330.17562675476074, "32kb_30_1": 218.34641981124878, "32kb_30_2": 250.19498825073242, "32kb_30_4": 331.83115696907043, "32kb_30_8": 461.0770454406738, "32kb_62_1": 260.65341424942017, "32kb_62_2": 334.9278299808502, "32kb_62_4": 465.8546726703644, "32kb_62_8": 753.2400052547455}, "rnn": {}, "michaud": {"": 6890.478086233139}}